proof,compressed?,length,resOnlyLength,compressedLengthAll,compressedLengthResOnly,compressTime,compressRatio,compressSpeed,compressRatioRes,compressSpeedRes,numFOSub,compressedNoSub,cumulativeLength,cumulativeLengthCompressed
SYN\SYN339-1.spass,1,3,1,3,1,329474,0,0,0,0,0,3,3,3
SYN\SYN336-1.spass,1,3,1,3,1,52833,0,0,0,0,0,3,6,6
SYN\SYN064-1.spass,1,3,1,3,1,46963,0,0,0,0,0,3,9,9
ANA\ANA042-2.spass,1,3,1,3,1,58704,0,0,0,0,0,3,12,12
ANA\ANA041-2.spass,1,3,1,3,1,54668,0,0,0,0,0,3,15,15
SWV\SWV334-2.spass,1,3,1,3,1,44028,0,0,0,0,0,3,18,18
SET\SET819-2.spass,1,3,1,3,1,27518,0,0,0,0,0,3,21,21
CSR\CSR046+1.spass,1,3,1,3,1,22014,0,0,0,0,0,3,24,24
COL\COL113-2.spass,1,3,1,3,1,30819,0,0,0,0,0,3,27,27
LCL\LCL440-2.spass,1,3,1,3,1,38892,0,0,0,0,0,3,30,30
SWV\SWV336-2.spass,1,3,1,3,1,53567,0,0,0,0,0,3,33,33
CSR\CSR072+1.spass,1,3,1,3,1,21647,0,0,0,0,0,3,36,36
SYN\SYN048-1.spass,1,3,1,3,1,23114,0,0,0,0,0,3,39,39
SWB\SWB003+2.spass,1,3,1,3,1,25683,0,0,0,0,0,3,42,42
SWV\SWV330-2.spass,1,3,1,3,1,38158,0,0,0,0,0,3,45,45
COL\COL116-2.spass,1,3,1,3,1,35589,0,0,0,0,0,3,48,48
COL\COL101-2.spass,1,3,1,3,1,38158,0,0,0,0,0,3,51,51
SET\SET818-2.spass,1,3,1,3,1,34855,0,0,0,0,0,3,54,54
SYN\SYN338-1.spass,1,3,1,3,1,27150,0,0,0,0,0,3,57,57
TOP\TOP004-2.spass,1,3,1,3,1,26050,0,0,0,0,0,3,60,60
SWV\SWV349-2.spass,1,3,1,3,1,41093,0,0,0,0,0,3,63,63
SYN\SYN731-1.spass,1,3,1,3,1,26784,0,0,0,0,0,3,66,66
SWV\SWV333-2.spass,1,3,1,3,1,30452,0,0,0,0,0,3,69,69
SYN\SYN340-1.spass,1,3,1,3,1,29719,0,0,0,0,0,3,72,72
SYN\SYN341-1.spass,1,3,1,3,1,27884,0,0,0,0,0,3,75,75
COL\COL103-2.spass,1,3,1,3,1,40725,0,0,0,0,0,3,78,78
SET\SET824-2.spass,0,4,2,-1,-1,-1,-1,-1,-1,-1,-1,0,82,78
SYN\SYN346-1.spass,1,4,2,4,1,1522625,0,0,0.25,6.57E-07,0,4,86,82
SYN\SYN073-1.spass,1,4,2,4,2,3942682,0,0,0,0,0,4,90,86
SYN\SYN370+1.spass,1,4,2,4,2,1299185,0,0,0,0,0,4,94,90
SYN\SYN730+1.spass,1,4,2,4,2,2024174,0,0,0,0,0,4,98,94
SWV\SWV310-2.spass,1,5,2,5,2,15395024,0,0,0,0,0,5,103,99
SWV\SWV269-2.spass,1,5,2,5,2,642805,0,0,0,0,0,5,108,104
SWV\SWV011-1.spass,1,5,2,5,2,417162,0,0,0,0,0,5,113,109
CSR\CSR058+1.spass,1,5,2,5,2,110803,0,0,0,0,0,5,118,114
SWV\SWV266-2.spass,1,5,2,5,2,66775,0,0,0,0,0,5,123,119
SWV\SWV309-2.spass,1,5,2,5,2,157399,0,0,0,0,0,5,128,124
CSR\CSR035+1.spass,1,5,2,5,2,44395,0,0,0,0,0,5,133,129
SYN\SYN343-1.spass,1,5,1,5,1,67509,0,0,0,0,0,5,138,134
SWV\SWV011+1.spass,1,5,2,5,2,75214,0,0,0,0,0,5,143,139
COL\COL114-2.spass,1,5,2,5,2,103465,0,0,0,0,0,5,148,144
COL\COL112-2.spass,1,5,2,5,2,74480,0,0,0,0,0,5,153,149
COL\COL111-2.spass,1,5,2,5,2,50632,0,0,0,0,0,5,158,154
LCL\LCL435-2.spass,1,5,2,5,2,73379,0,0,0,0,0,5,163,159
COL\COL120-2.spass,1,5,2,5,2,99429,0,0,0,0,0,5,168,164
TOP\TOP002-2.spass,1,5,2,5,2,44762,0,0,0,0,0,5,173,169
COL\COL105-2.spass,1,5,2,5,2,49531,0,0,0,0,0,5,178,174
SYN\SYN727-1.spass,1,5,2,5,2,45862,0,0,0,0,0,5,183,179
SWV\SWV257-2.spass,1,5,2,5,2,44028,0,0,0,0,0,5,188,184
COL\COL115-2.spass,1,5,2,5,2,71545,0,0,0,0,0,5,193,189
SET\SET915+1.spass,1,5,2,5,2,41460,0,0,0,0,0,5,198,194
SET\SET913+1.spass,1,5,2,5,2,34856,0,0,0,0,0,5,203,199
SWV\SWV280-2.spass,1,5,2,5,2,86587,0,0,0,0,0,5,208,204
CSR\CSR054+1.spass,1,5,2,5,2,33021,0,0,0,0,0,5,213,209
LCL\LCL437-2.spass,1,5,2,5,2,65675,0,0,0,0,0,5,218,214
PUZ\PUZ008-1.spass,1,5,2,5,2,70811,0,0,0,0,0,5,223,219
SWV\SWV256-2.spass,1,5,2,5,2,42560,0,0,0,0,0,5,228,224
SWV\SWV265-2.spass,1,5,2,5,2,65674,0,0,0,0,0,5,233,229
SWV\SWV264-2.spass,1,5,2,5,2,34488,0,0,0,0,0,5,238,234
COL\COL122-2.spass,1,5,2,5,2,52833,0,0,0,0,0,5,243,239
LCL\LCL432-2.spass,1,5,2,5,2,34121,0,0,0,0,0,5,248,244
COL\COL119-2.spass,1,5,2,5,2,58704,0,0,0,0,0,5,253,249
SEU\SEU163+3.spass,1,5,2,5,2,30453,0,0,0,0,0,5,258,254
SEU\SEU163+1.spass,1,5,2,5,2,28985,0,0,0,0,0,5,263,259
SWV\SWV312-2.spass,1,5,2,5,2,79984,0,0,0,0,0,5,268,264
SYN\SYN325-1.spass,1,6,3,6,3,1313494,0,0,0,0,0,6,274,270
SET\SET055-7.spass,1,6,2,6,2,49531,0,0,0,0,0,6,280,276
COL\COL124-2.spass,1,6,2,6,2,68976,0,0,0,0,0,6,286,282
SYN\SYN065-1.spass,1,7,3,7,3,780392,0,0,0,0,0,7,293,289
SYN\SYN079-1.spass,1,7,3,7,3,79250,0,0,0,0,0,7,300,296
SET\SET827-2.spass,1,7,3,7,3,66775,0,0,0,0,0,7,307,303
SET\SET850-2.spass,1,7,3,7,3,114839,0,0,0,0,0,7,314,310
SWV\SWV356-2.spass,1,7,3,7,3,57603,0,0,0,0,0,7,321,317
SWV\SWV341-2.spass,1,7,3,7,3,61272,0,0,0,0,0,7,328,324
SET\SET833-2.spass,1,7,3,7,3,52466,0,0,0,0,0,7,335,331
SWV\SWV267-2.spass,1,7,3,7,3,105300,0,0,0,0,0,7,342,338
LCL\LCL441-2.spass,1,7,4,7,4,228210,0,0,0,0,0,7,349,345
SET\SET829-2.spass,1,7,3,7,3,59804,0,0,0,0,0,7,356,352
SET\SET828-2.spass,1,7,3,7,3,59071,0,0,0,0,0,7,363,359
SET\SET832-2.spass,1,7,3,7,3,51366,0,0,0,0,0,7,370,366
SET\SET899+1.spass,1,7,3,7,3,47697,0,0,0,0,0,7,377,373
SET\SET859-2.spass,1,7,3,7,3,62372,0,0,0,0,0,7,384,380
SWV\SWV320-2.spass,1,7,3,7,3,61638,0,0,0,0,0,7,391,387
SYN\SYN588-1.spass,1,7,3,7,3,162168,0,0,0,0,0,7,398,394
SET\SET836-2.spass,1,7,3,7,3,57603,0,0,0,0,0,7,405,401
SET\SET835-2.spass,1,7,3,7,3,48431,0,0,0,0,0,7,412,408
SYN\SYN079+1.spass,1,7,3,7,3,53567,0,0,0,0,0,7,419,415
LAT\LAT272-2.spass,1,7,3,7,3,63473,0,0,0,0,0,7,426,422
LAT\LAT271-2.spass,1,7,3,7,3,72645,0,0,0,0,0,7,433,429
SWB\SWB019+2.spass,1,7,3,7,3,51733,0,0,0,0,0,7,440,436
SYN\SYN589-1.spass,1,7,3,7,3,94659,0,0,0,0,0,7,447,443
SET\SET826-2.spass,1,7,3,7,3,52467,0,0,0,0,0,7,454,450
LCL\LCL447-2.spass,1,7,3,7,3,74480,0,0,0,0,0,7,461,457
CAT\CAT007-3.spass,1,7,3,7,3,40359,0,0,0,0,0,7,468,464
GRP\GRP028-3.spass,0,8,4,-1,-1,-1,-1,-1,-1,-1,-1,0,476,464
GRP\GRP028-4.spass,0,8,4,-1,-1,-1,-1,-1,-1,-1,-1,0,484,464
SYN\SYN066-1.spass,1,8,4,8,4,6589848,0,0,0,0,0,8,492,472
SYN\SYN031-1.spass,1,8,4,9,3,2461517,-0.125,-4.06E-07,0.125,4.06E-07,1,8,500,480
SET\SET590+3.spass,1,8,3,8,3,71545,0,0,0,0,0,8,508,488
KRS\KRS017-1.spass,1,9,4,10,3,25204399,-0.111111111,-3.97E-08,0.111111111,3.97E-08,2,8,517,496
SET\SET846-2.spass,1,9,4,9,4,2198083,0,0,0,0,0,9,526,505
LAT\LAT270-2.spass,1,9,4,9,4,916877,0,0,0,0,0,9,535,514
SEU\SEU158+3.spass,1,9,3,9,3,257562,0,0,0,0,0,9,544,523
SEU\SEU158+1.spass,1,9,3,9,3,73746,0,0,0,0,0,9,553,532
PUZ\PUZ035-6.spass,1,9,6,9,6,556584,0,0,0,0,0,9,562,541
PUZ\PUZ035-5.spass,1,9,6,9,6,288015,0,0,0,0,0,9,571,550
SYN\SYN082+1.spass,1,9,4,11,3,1750469,-0.222222222,-1.14E-06,0.111111111,5.71E-07,2,9,580,559
SWV\SWV357-2.spass,1,9,4,9,4,82552,0,0,0,0,0,9,589,568
TOP\TOP021+1.spass,1,9,4,9,4,132083,0,0,0,0,0,9,598,577
SYN\SYN035-1.spass,1,9,6,9,6,574195,0,0,0,0,0,9,607,586
SWV\SWV277-2.spass,1,9,4,9,4,73380,0,0,0,0,0,9,616,595
SWV\SWV364-2.spass,1,9,4,9,4,88056,0,0,0,0,0,9,625,604
SYN\SYN333-1.spass,1,9,6,9,6,1122706,0,0,0,0,0,9,634,613
SWV\SWV263-2.spass,1,9,4,9,4,124012,0,0,0,0,0,9,643,622
SET\SET055-6.spass,1,9,3,9,3,60905,0,0,0,0,0,9,652,631
SWV\SWV259-2.spass,1,9,4,9,4,73747,0,0,0,0,0,9,661,640
COL\COL118-2.spass,1,9,4,9,4,177945,0,0,0,0,0,9,670,649
LCL\LCL438-2.spass,1,10,5,10,5,147859,0,0,0,0,0,10,680,659
SYN\SYN014-2.spass,1,10,5,10,5,61272,0,0,0,0,0,10,690,669
SET\SET046-5.spass,1,11,5,11,4,41632607,0,0,0.090909091,2.40E-08,1,10,701,679
SET\SET786-1.spass,1,11,5,12,4,3466816,-0.090909091,-2.88E-07,0.090909091,2.88E-07,2,10,712,689
SYN\SYN034-1.spass,1,11,5,12,4,3260252,-0.090909091,-3.07E-07,0.090909091,3.07E-07,2,10,723,699
COL\COL102-2.spass,1,11,5,11,5,275540,0,0,0,0,0,11,734,710
SEU\SEU167+3.spass,1,11,5,11,5,104566,0,0,0,0,0,11,745,721
SYN\SYN630-1.spass,1,11,5,11,5,157032,0,0,0,0,0,11,756,732
SWV\SWV273-2.spass,1,11,5,11,5,87688,0,0,0,0,0,11,767,743
SEU\SEU167+1.spass,1,11,5,11,5,87688,0,0,0,0,0,11,778,754
SWV\SWV258-2.spass,1,11,5,11,5,101263,0,0,0,0,0,11,789,765
COL\COL104-2.spass,1,11,5,11,5,138320,0,0,0,0,0,11,800,776
SET\SET589+3.spass,1,11,5,11,5,72646,0,0,0,0,0,11,811,787
SYN\SYN555-1.spass,1,11,5,11,5,84020,0,0,0,0,0,11,822,798
SWV\SWV239-2.spass,1,12,5,12,5,2699999,0,0,0,0,0,12,834,810
SYN\SYN621-1.spass,1,12,5,12,5,211699,0,0,0,0,0,12,846,822
SYN\SYN562-1.spass,1,12,6,16,5,6162412,-0.333333333,-6.49E-07,0.083333333,1.62E-07,4,12,858,834
SWV\SWV331-2.spass,1,12,6,16,5,5834406,-0.333333333,-6.86E-07,0.083333333,1.71E-07,4,12,870,846
GRP\GRP004-1.spass,1,12,7,17,7,31336725,-0.416666667,-1.60E-07,0,0,5,12,882,858
SET\SET631+3.spass,1,12,6,14,5,7704483,-0.166666667,-2.60E-07,0.083333333,1.30E-07,2,12,894,870
SWV\SWV255-2.spass,1,12,6,17,5,5823033,-0.416666667,-8.59E-07,0.083333333,1.72E-07,5,12,906,882
SWV\SWV240-2.spass,1,12,5,12,5,122911,0,0,0,0,0,12,918,894
SEU\SEU264+1.spass,1,12,6,16,5,2691927,-0.333333333,-1.49E-06,0.083333333,3.71E-07,4,12,930,906
RNG\RNG038-2.spass,1,12,6,16,5,3164858,-0.333333333,-1.26E-06,0.083333333,3.16E-07,4,12,942,918
SWV\SWV284-2.spass,1,12,6,17,5,17629430,-0.416666667,-2.84E-07,0.083333333,5.67E-08,5,12,954,930
GRP\GRP031-2.spass,1,12,7,17,7,6322380,-0.416666667,-7.91E-07,0,0,5,12,966,942
COM\COM001-1.spass,1,13,6,13,6,108235,0,0,0,0,0,13,979,955
SET\SET852-2.spass,1,13,5,13,5,358826,0,0,0,0,0,13,992,968
SYN\SYN006-1.spass,1,13,6,13,6,105667,0,0,0,0,0,13,1005,981
SWV\SWV314-2.spass,1,13,6,13,6,150428,0,0,0,0,0,13,1018,994
LCL\LCL445-2.spass,1,13,7,13,7,251692,0,0,0,0,0,13,1031,1007
SYN\SYN568-1.spass,1,13,6,13,6,140522,0,0,0,0,0,13,1044,1020
SYN\SYN593-1.spass,1,13,6,13,6,188218,0,0,0,0,0,13,1057,1033
LCL\LCL439-2.spass,1,13,6,13,6,224541,0,0,0,0,0,13,1070,1046
SYN\SYN585-1.spass,1,13,6,13,6,91724,0,0,0,0,0,13,1083,1059
TOP\TOP022+1.spass,1,13,6,13,6,85487,0,0,0,0,0,13,1096,1072
SYN\SYN596-1.spass,1,13,6,13,6,115573,0,0,0,0,0,13,1109,1085
SWV\SWV244-2.spass,1,13,7,13,7,499715,0,0,0,0,0,13,1122,1098
SYN\SYN354-1.spass,1,14,7,16,4,3989645,-0.142857143,-5.01E-07,0.214285714,7.52E-07,4,12,1136,1110
SYN\SYN687-1.spass,1,14,6,15,5,16344555,-0.071428571,-6.12E-08,0.071428571,6.12E-08,2,13,1150,1123
SYN\SYN666-1.spass,1,14,7,14,7,1493640,0,0,0,0,0,14,1164,1137
SYN\SYN679-1.spass,1,14,7,14,7,1315695,0,0,0,0,0,14,1178,1151
SYN\SYN664-1.spass,1,14,7,14,7,2329066,0,0,0,0,0,14,1192,1165
SYN\SYN663-1.spass,1,14,7,14,7,127314,0,0,0,0,0,14,1206,1179
SYN\SYN661-1.spass,1,14,7,14,7,201427,0,0,0,0,0,14,1220,1193
SYN\SYN670-1.spass,1,14,7,14,7,191520,0,0,0,0,0,14,1234,1207
SYN\SYN586-1.spass,1,14,7,14,7,295720,0,0,0,0,0,14,1248,1221
SYN\SYN667-1.spass,1,14,7,14,7,92825,0,0,0,0,0,14,1262,1235
SYN\SYN622-1.spass,1,14,7,14,7,117407,0,0,0,0,0,14,1276,1249
MSC\MSC005-1.spass,1,14,6,14,6,147860,0,0,0,0,0,14,1290,1263
SYN\SYN671-1.spass,1,14,7,14,7,108234,0,0,0,0,0,14,1304,1277
SYN\SYN683-1.spass,1,14,7,14,7,107134,0,0,0,0,0,14,1318,1291
SYN\SYN668-1.spass,1,14,7,14,7,98329,0,0,0,0,0,14,1332,1305
COL\COL117-2.spass,1,14,7,14,7,173543,0,0,0,0,0,14,1346,1319
SYN\SYN680-1.spass,1,14,7,14,7,96494,0,0,0,0,0,14,1360,1333
SYN\SYN665-1.spass,1,14,7,14,7,92092,0,0,0,0,0,14,1374,1347
SYN\SYN677-1.spass,1,14,7,14,7,92458,0,0,0,0,0,14,1388,1361
SYN\SYN662-1.spass,1,14,7,14,7,93559,0,0,0,0,0,14,1402,1375
SYN\SYN675-1.spass,1,14,7,14,7,95026,0,0,0,0,0,14,1416,1389
COL\COL109-2.spass,1,14,7,14,7,165470,0,0,0,0,0,14,1430,1403
SYN\SYN676-1.spass,1,14,7,14,7,91357,0,0,0,0,0,14,1444,1417
SYN\SYN674-1.spass,1,14,7,14,7,94292,0,0,0,0,0,14,1458,1431
SYN\SYN669-1.spass,1,14,7,14,7,108602,0,0,0,0,0,14,1472,1445
SYN\SYN681-1.spass,1,14,7,14,7,88056,0,0,0,0,0,14,1486,1459
SWV\SWV283-2.spass,1,14,6,20,5,16177984,-0.428571429,-3.71E-07,0.071428571,6.18E-08,6,14,1500,1473
SYN\SYN678-1.spass,1,14,7,14,7,97228,0,0,0,0,0,14,1514,1487
SYN\SYN660-1.spass,1,14,7,14,7,88056,0,0,0,0,0,14,1528,1501
SYN\SYN685-1.spass,1,14,7,14,7,87689,0,0,0,0,0,14,1542,1515
SYN\SYN684-1.spass,1,14,7,14,7,84753,0,0,0,0,0,14,1556,1529
SYN\SYN682-1.spass,1,14,7,14,7,86955,0,0,0,0,0,14,1570,1543
MSC\MSC003-1.spass,1,15,7,20,6,4020097,-0.333333333,-1.24E-06,0.066666667,2.49E-07,6,14,1585,1557
SYN\SYN620-1.spass,1,15,7,15,7,150428,0,0,0,0,0,15,1600,1572
SYN\SYN648-1.spass,1,15,7,19,6,47568276,-0.266666667,-8.41E-08,0.066666667,2.10E-08,4,15,1615,1587
GRP\GRP003-1.spass,1,15,10,22,9,11826210,-0.466666667,-5.92E-07,0.066666667,8.46E-08,7,15,1630,1602
SWV\SWV358-2.spass,1,15,8,15,8,137953,0,0,0,0,0,15,1645,1617
SWV\SWV313-2.spass,1,15,7,15,7,150795,0,0,0,0,0,15,1660,1632
SWV\SWV355-2.spass,1,15,8,15,8,130982,0,0,0,0,0,15,1675,1647
LCL\LCL433-2.spass,1,15,7,15,7,148960,0,0,0,0,0,15,1690,1662
SWV\SWV242-2.spass,1,15,8,15,8,119976,0,0,0,0,0,15,1705,1677
SET\SET842-2.spass,1,15,6,15,6,140522,0,0,0,0,0,15,1720,1692
SYN\SYN082-1.spass,1,15,5,15,5,94659,0,0,0,0,0,15,1735,1707
PLA\PLA003-1.spass,1,15,7,15,7,139054,0,0,0,0,0,15,1750,1722
SYN\SYN582-1.spass,1,15,7,15,7,97595,0,0,0,0,0,15,1765,1737
LAT\LAT273-2.spass,1,16,9,18,6,6271014,-0.125,-3.19E-07,0.1875,4.78E-07,4,14,1781,1751
PUZ\PUZ047+1.spass,1,16,8,16,8,151528,0,0,0,0,0,16,1797,1767
SYN\SYN587-1.spass,1,16,8,16,8,980350,0,0,0,0,0,16,1813,1783
SYN\SYN557-1.spass,1,16,9,16,9,125478,0,0,0,0,0,16,1829,1799
PUZ\PUZ047-1.spass,1,16,8,16,8,115573,0,0,0,0,0,16,1845,1815
SYN\SYN571-1.spass,1,16,8,22,8,8653647,-0.375,-6.93E-07,0,0,6,16,1861,1831
SYN\SYN717-1.spass,1,16,8,22,7,5676640,-0.375,-1.06E-06,0.0625,1.76E-07,6,16,1877,1847
SYN\SYN626-1.spass,1,16,8,23,7,3951487,-0.4375,-1.77E-06,0.0625,2.53E-07,7,16,1893,1863
SWV\SWV286-2.spass,1,16,7,16,7,388178,0,0,0,0,0,16,1909,1879
SWV\SWV328-2.spass,1,16,8,22,7,26257395,-0.375,-2.29E-07,0.0625,3.81E-08,6,16,1925,1895
SYN\SYN710-1.spass,1,16,7,16,7,140888,0,0,0,0,0,16,1941,1911
CSR\CSR070+1.spass,1,17,8,17,8,211333,0,0,0,0,0,17,1958,1928
SWV\SWV288-2.spass,1,17,8,17,8,217571,0,0,0,0,0,17,1975,1945
LCL\LCL429-2.spass,1,17,9,17,9,1247452,0,0,0,0,0,17,1992,1962
SYN\SYN655-1.spass,1,17,9,17,9,315532,0,0,0,0,0,17,2009,1979
SYN\SYN352-1.spass,1,17,8,17,8,357358,0,0,0,0,0,17,2026,1996
SYN\SYN654-1.spass,1,17,9,17,9,303792,0,0,0,0,0,17,2043,2013
LCL\LCL430-2.spass,1,17,9,17,9,656747,0,0,0,0,0,17,2060,2030
LCL\LCL443-2.spass,1,17,9,17,9,205462,0,0,0,0,0,17,2077,2047
SYN\SYN719-1.spass,1,17,8,17,8,138320,0,0,0,0,0,17,2094,2064
SYN\SYN657-1.spass,1,18,9,24,8,6919323,-0.333333333,-8.67E-07,0.055555556,1.45E-07,7,17,2112,2081
COL\COL110-2.spass,1,18,8,18,8,279576,0,0,0,0,0,18,2130,2099
SWV\SWV272-2.spass,1,18,9,18,9,724989,0,0,0,0,0,18,2148,2117
SYN\SYN583-1.spass,1,18,9,25,9,8014878,-0.388888889,-8.73E-07,0,0,7,18,2166,2135
SYN\SYN581-1.spass,1,18,9,25,9,9993191,-0.388888889,-7.00E-07,0,0,7,18,2184,2153
SWV\SWV335-2.spass,1,18,9,25,8,6912351,-0.388888889,-1.01E-06,0.055555556,1.45E-07,7,18,2202,2171
SYN\SYN653-1.spass,1,18,9,18,9,301223,0,0,0,0,0,18,2220,2189
SYN\SYN706-1.spass,1,18,8,18,8,177212,0,0,0,0,0,18,2238,2207
SWV\SWV270-2.spass,1,18,9,18,9,746637,0,0,0,0,0,18,2256,2225
SWV\SWV289-2.spass,1,18,8,18,8,254260,0,0,0,0,0,18,2274,2243
SWV\SWV287-2.spass,1,18,8,18,8,304892,0,0,0,0,0,18,2292,2261
SWV\SWV271-2.spass,1,18,9,18,9,534570,0,0,0,0,0,18,2310,2279
COL\COL123-2.spass,1,19,8,19,8,358092,0,0,0,0,0,19,2329,2298
SWV\SWV245-2.spass,1,19,11,26,10,9316632,-0.368421053,-7.51E-07,0.052631579,1.07E-07,7,19,2348,2317
SYN\SYN311-1.spass,1,19,13,19,13,150429,0,0,0,0,0,19,2367,2336
SYN\SYN310-1.spass,1,19,13,19,13,116307,0,0,0,0,0,19,2386,2355
COM\COM002-1.spass,1,19,10,19,10,96127,0,0,0,0,0,19,2405,2374
SWV\SWV279-2.spass,1,19,11,19,11,645005,0,0,0,0,0,19,2424,2393
SYN\SYN656-1.spass,1,19,10,27,9,6192131,-0.421052632,-1.29E-06,0.052631579,1.61E-07,8,19,2443,2412
SWV\SWV246-2.spass,1,19,11,26,10,6860252,-0.368421053,-1.02E-06,0.052631579,1.46E-07,7,19,2462,2431
SYN\SYN345-1.spass,1,20,7,21,6,9042559,-0.05,-1.11E-07,0.05,1.11E-07,4,17,2482,2448
MSC\MSC004-1.spass,1,20,10,26,9,7200733,-0.3,-8.33E-07,0.05,1.39E-07,7,19,2502,2467
SYN\SYN561-1.spass,1,20,12,33,12,23827065,-0.65,-5.46E-07,0,0,13,20,2522,2487
SYN\SYN559-1.spass,1,20,12,33,12,10977943,-0.65,-1.18E-06,0,0,13,20,2542,2507
SWV\SWV329-2.spass,1,20,10,29,9,6184793,-0.45,-1.46E-06,0.05,1.62E-07,9,20,2562,2527
SYN\SYN613-1.spass,1,20,11,20,11,126580,0,0,0,0,0,20,2582,2547
SWV\SWV293-2.spass,1,20,11,30,10,21970930,-0.5,-4.55E-07,0.05,4.55E-08,10,20,2602,2567
SWV\SWV009-1.spass,1,21,13,24,10,5575009,-0.142857143,-5.38E-07,0.142857143,5.38E-07,5,19,2623,2586
COM\COM002-2.spass,1,21,12,21,12,115206,0,0,0,0,0,21,2644,2607
SYN\SYN554-1.spass,1,21,13,30,11,38486826,-0.428571429,-2.34E-07,0.095238095,5.20E-08,9,21,2665,2628
SWV\SWV290-2.spass,1,21,11,30,10,7124051,-0.428571429,-1.26E-06,0.047619048,1.40E-07,9,21,2686,2649
SYN\SYN312-1.spass,1,21,13,21,13,116306,0,0,0,0,0,21,2707,2670
GRP\GRP012+5.spass,1,21,13,29,13,10103259,-0.380952381,-7.92E-07,0,0,8,21,2728,2691
SWB\SWB030+2.spass,1,22,12,28,10,6473909,-0.272727273,-9.27E-07,0.090909091,3.09E-07,6,22,2750,2713
SYN\SYN570-1.spass,1,22,11,22,11,122910,0,0,0,0,0,22,2772,2735
SET\SET588+3.spass,1,22,11,22,11,206197,0,0,0,0,0,22,2794,2757
SYN\SYN636-1.spass,0,23,14,-1,-1,-1,-1,-1,-1,-1,-1,0,2817,2757
GEO\GEO002-4.spass,1,23,14,29,10,17474600,-0.260869565,-3.43E-07,0.173913043,2.29E-07,7,22,2840,2779
SET\SET830-2.spass,1,23,11,23,11,275907,0,0,0,0,0,23,2863,2802
SWV\SWV291-2.spass,1,23,11,23,11,566857,0,0,0,0,0,23,2886,2825
SYN\SYN618-1.spass,1,23,12,34,12,8655115,-0.47826087,-1.27E-06,0,0,11,23,2909,2848
SET\SET834-2.spass,1,23,11,23,11,212800,0,0,0,0,0,23,2932,2871
SWV\SWV337-2.spass,1,23,13,34,12,81378625,-0.47826087,-1.35E-07,0.043478261,1.23E-08,11,23,2955,2894
SYN\SYN594-1.spass,1,23,12,23,12,425234,0,0,0,0,0,23,2978,2917
SWV\SWV299-2.spass,1,23,15,23,15,273339,0,0,0,0,0,23,3001,2940
SYN\SYN632-1.spass,1,24,13,31,11,13818465,-0.291666667,-5.07E-07,0.083333333,1.45E-07,8,23,3025,2963
SWV\SWV315-2.spass,1,24,10,24,10,211700,0,0,0,0,0,24,3049,2987
SYN\SYN619-1.spass,1,24,12,35,11,7298328,-0.458333333,-1.51E-06,0.041666667,1.37E-07,11,24,3073,3011
SWV\SWV321-2.spass,1,24,10,24,10,196291,0,0,0,0,0,24,3097,3035
SWB\SWB024+2.spass,1,24,12,24,12,167672,0,0,0,0,0,24,3121,3059
SET\SET009+3.spass,1,25,13,25,13,232246,0,0,0,0,0,25,3146,3084
CSR\CSR052+1.spass,1,25,15,25,15,116673,0,0,0,0,0,25,3171,3109
MGT\MGT036-1.spass,0,26,15,-1,-1,-1,-1,-1,-1,-1,-1,0,3197,3109
MGT\MGT036-2.spass,0,26,15,-1,-1,-1,-1,-1,-1,-1,-1,0,3223,3109
GRP\GRP001+6.spass,1,26,16,36,15,30182466,-0.384615385,-3.31E-07,0.038461538,3.31E-08,10,26,3249,3135
CSR\CSR050+1.spass,1,26,14,26,14,155564,0,0,0,0,0,26,3275,3161
SYN\SYN604-1.spass,1,26,15,39,14,14667466,-0.5,-8.86E-07,0.038461538,6.82E-08,13,26,3301,3187
COM\COM011-2.spass,0,27,15,-1,-1,-1,-1,-1,-1,-1,-1,0,3328,3187
PUZ\PUZ035-7.spass,1,28,19,35,16,23039703,-0.25,-3.04E-07,0.107142857,1.30E-07,9,26,3356,3213
ANA\ANA003-4.spass,1,29,12,29,12,246555,0,0,0,0,0,29,3385,3242
SWV\SWV300-2.spass,1,29,15,43,14,15631306,-0.482758621,-8.96E-07,0.034482759,6.40E-08,14,29,3414,3271
SWV\SWV305-2.spass,1,30,16,40,15,193228831,-0.333333333,-5.18E-08,0.033333333,5.18E-09,13,27,3444,3298
MGT\MGT003-1.spass,0,31,17,-1,-1,-1,-1,-1,-1,-1,-1,0,3475,3298
MGT\MGT002-1.spass,0,31,17,-1,-1,-1,-1,-1,-1,-1,-1,0,3506,3298
SYN\SYN569-1.spass,1,31,20,43,18,24599018,-0.387096774,-4.88E-07,0.064516129,8.13E-08,13,30,3537,3328
ANA\ANA004-4.spass,1,31,13,31,13,273339,0,0,0,0,0,31,3568,3359
SYN\SYN566-1.spass,0,32,18,-1,-1,-1,-1,-1,-1,-1,-1,0,3600,3359
LCL\LCL442-2.spass,1,32,16,32,16,350387,0,0,0,0,0,32,3632,3391
TOP\TOP001-2.spass,1,33,16,33,16,296087,0,0,0,0,0,33,3665,3424
MGT\MGT036+1.spass,1,34,21,45,14,49418541,-0.323529412,-2.23E-07,0.205882353,1.42E-07,18,27,3699,3451
SWV\SWV292-2.spass,1,34,18,47,16,127213310,-0.382352941,-1.02E-07,0.058823529,1.57E-08,14,33,3733,3484
MGT\MGT036+2.spass,1,36,23,54,17,19928410,-0.5,-9.03E-07,0.166666667,3.01E-07,23,31,3769,3515
RNG\RNG039-2.spass,1,36,20,53,19,98149515,-0.472222222,-1.73E-07,0.027777778,1.02E-08,17,36,3805,3551
MGT\MGT009-1.spass,0,37,19,-1,-1,-1,-1,-1,-1,-1,-1,0,3842,3551
MGT\MGT008-1.spass,1,37,20,48,16,89568514,-0.297297297,-1.23E-07,0.108108108,4.47E-08,14,34,3879,3585
SWV\SWV323-2.spass,1,37,17,37,17,312963,0,0,0,0,0,37,3916,3622
SWV\SWV247-2.spass,1,38,26,56,23,41004111,-0.473684211,-4.39E-07,0.078947368,7.32E-08,19,37,3954,3659
SYN\SYN084-2.spass,1,40,22,46,19,8971747,-0.15,-6.69E-07,0.075,3.34E-07,16,30,3994,3689
MGT\MGT018-1.spass,1,40,21,48,17,92947641,-0.2,-8.61E-08,0.1,4.30E-08,13,35,4034,3724
MGT\MGT016-1.spass,1,40,21,48,17,54577855,-0.2,-1.47E-07,0.1,7.33E-08,13,35,4074,3759
SWV\SWV308-2.spass,1,40,21,53,20,101112947,-0.325,-1.29E-07,0.025,9.89E-09,15,38,4114,3797
SWB\SWB012+2.spass,1,41,22,54,20,21353808,-0.317073171,-6.09E-07,0.048780488,9.37E-08,14,40,4155,3837
MGT\MGT015-1.spass,0,42,23,-1,-1,-1,-1,-1,-1,-1,-1,0,4197,3837
MGT\MGT017-1.spass,0,42,23,-1,-1,-1,-1,-1,-1,-1,-1,0,4239,3837
MGT\MGT006-1.spass,0,45,26,-1,-1,-1,-1,-1,-1,-1,-1,0,4284,3837
MGT\MGT004-1.spass,0,47,29,-1,-1,-1,-1,-1,-1,-1,-1,0,4331,3837
MGT\MGT007-1.spass,1,49,27,57,23,145694677,-0.163265306,-5.49E-08,0.081632653,2.75E-08,14,43,4380,3880
PUZ\PUZ008-3.spass,1,49,31,49,31,1321565,0,0,0,0,0,49,4429,3929
